<?xml version="1.0" encoding="utf-8"?><App xmlns="http://schemas.microsoft.com/sharepoint/2012/app/manifest" Name="delphi-holidays-calendar" ProductID="c85f1137-142e-4570-b3c9-3cdc47580452" SharePointMinVersion="16.0.0.0" IsClientSideSolution="true" Version="1.0.0.0" SkipFeatureDeployment="true" IsDomainIsolated="false"><Properties><Title>delphi-holidays-calendar</Title><DeveloperProperties>{&quot;name&quot;:&quot;Mukesh Singh&quot;,&quot;websiteUrl&quot;:&quot;&quot;,&quot;privacyUrl&quot;:&quot;&quot;,&quot;termsOfUseUrl&quot;:&quot;&quot;,&quot;mpnId&quot;:&quot;Undefined-1.16.1&quot;}</DeveloperProperties><ShortDescription><LocalizedString CultureName="default">holidays-calendar description</LocalizedString></ShortDescription><LongDescription><LocalizedString CultureName="default">holidays-calendar description</LocalizedString></LongDescription><Screenshots></Screenshots></Properties><WebApiPermissionRequests><WebApiPermissionRequest ResourceId="Microsoft Graph" Scope="Calendars.ReadWrite"></WebApiPermissionRequest><WebApiPermissionRequest ResourceId="Microsoft Graph" Scope="User.Read"></WebApiPermissionRequest><WebApiPermissionRequest ResourceId="Microsoft Graph" Scope="MailboxSettings.Read"></WebApiPermissionRequest></WebApiPermissionRequests></App>